business_id,name,industry,turnover,electricity_usage,employee_count,freight_cost
12FIXOS6611S5ZP,Entity_1,Logistics,83.74,2511.07,26,1674.1
34DHZCD3378Q1Z0,Entity_2,Manufacturing,76.18,7618.56,23,382.26
28TPATS5513S6ZW,Entity_3,Manufacturing,310.58,31054.42,95,1552.09
34HOQXG3445N5Z1,Entity_4,Services,210.55,6318.3,169,1054.66
25DMSXE0832A8Z9,Entity_5,Construction,144.16,4321.08,44,722.77
23FGAWI1808Z3ZU,Entity_6,Services,200.92,6023.72,161,1004.19
17LTRYU3001A6ZQ,Entity_7,Retail,184.51,5539.12,56,924.08
30CGRNO3726X5ZF,Entity_8,Retail,353.52,10608.9,109,1767.44
34RTCTR0566B2ZY,Entity_9,Services,223.46,6704.66,180,1115.38
28WUYSF6720V9ZW,Entity_10,Services,285.68,8572.97,230,1426.71
25IRJJM5668I8ZR,Entity_11,Wholesale,125.36,3760.02,38,628.6
20MGJXR3072K4ZR,Entity_12,Wholesale,139.86,4199.26,44,701.12
25ADDYN3090Q8ZR,Entity_13,Wholesale,262.13,7861.98,80,1311.04
36XNYTH7980T5ZL,Entity_14,Logistics,178.82,5368.77,54,3576.5
29WCXPE0456E6Z7,Entity_15,Services,296.41,8895.42,240,1482.56
12CCDAH8186M2ZB,Entity_16,Logistics,359.01,10770.16,109,7180.21
10WSHWF1530F3Z4,Entity_17,Logistics,396.98,11909.63,121,7939.74
18HROSL1534I9ZT,Entity_18,Wholesale,365.9,10972.71,110,1831.37
31CVVUM0105V9ZS,Entity_19,Manufacturing,288.36,28837.62,89,1440.3
32KFGHF1689Q2Z0,Entity_20,Manufacturing,45.6,4564.78,15,226.27
12GXMRL3038X9ZP,Entity_21,Retail,189.13,5676.5,58,944.75
21ZTDRC5696X5ZQ,Entity_22,Construction,385.42,11559.36,118,1928.46
15OFJQH4437Y7ZC,Entity_23,Construction,12.381,2.0,77,1239.89
30NMLZB4306X4ZG,Entity_24,Services,116.56,3501.45,95,581.22
16RYDXA8935E8Z3,Entity_25,Wholesale,49.16,1477.19,17,247.49
12LQKXI6238J8ZL,Entity_26,Services,37.3,1114.46,30,184.86
28RKOSA5579W8ZC,Entity_27,Construction,159.49,4782.77,48,797.82
26EJSXH2627K9ZQ,Entity_28,Manufacturing,290.95,29094.05,90,1453.35
32MUQOK8773X6ZI,Entity_29,Manufacturing,174.98,17497.25,55,876.89
35PAPCV0340H9ZH,Entity_30,Manufacturing,186.1,18611.8,56,929.23
32UTHAE1881M6ZC,Entity_31,Wholesale,77.42,2327.31,26,386.18
21YWQFL3326T8Z3,Entity_32,Retail,56.01,1678.18,18,281.06
11PMINR3936Y2ZB,Entity_33,Construction,343.93,10315.66,105,1719.65
36RKAGO9725W3ZJ,Entity_34,Construction,225.19,6751.43,70,1125.56
13WXHDN2277F2ZW,Entity_35,Services,19.5965,2.0,314,1960.75
14WLFVE3427I8Z4,Entity_36,Services,304.57,9137.36,245,1524.03
23YVLDJ5483W3ZY,Entity_37,Logistics,120.87,3627.5,38,2418.52
22DEJDA2677I1ZN,Entity_38,Manufacturing,385.49,38553.22,118,1925.76
10HJQPB9295L2ZI,Entity_39,Wholesale,106.27,3185.27,34,529.43
11KGMWD2249B8ZQ,Entity_40,Wholesale,117.75,3527.88,36,587.95
35JCSWY8555F9ZP,Entity_41,Retail,39.93,1195.58,13,199.39
16XWLER9426E2ZH,Entity_42,Manufacturing,387.94,38792.06,119,1938.67
13RDPWT5302N7ZY,Entity_43,Logistics,12.8,380.38,4,257.44
17ZPDKX3705I1ZE,Entity_44,Manufacturing,304.62,30459.79,92,1521.84
15MWPDM8080L6ZP,Entity_45,Logistics,54.29,1627.66,19,1084.85
11OIDME3690B9ZR,Entity_46,Logistics,181.3,5434.39,57,3626.7
19RQFCO5994I6ZI,Entity_47,Construction,222.84,6684.47,69,1113.32
26MEXDY1791M3ZD,Entity_48,Services,306.74,9199.9,248,1533.87
19XFRUC7134Z2ZJ,Entity_49,Wholesale,148.07,4442.86,45,741.83
31FZEMX4173K4ZR,Entity_50,Retail,385.04,11550.9,118,1926.1
36RDKCX4097S5ZJ,Entity_51,Construction,394.9,11847.74,120,1974.41
30BNJVZ9818S6Z0,Entity_52,Manufacturing,294.38,29433.08,89,1469.9
18EZKFP7440N3ZT,Entity_53,Manufacturing,90.12,9008.04,30,450.1
11FEXIG0141U2Z6,Entity_54,Logistics,74.78,2243.78,25,1496.27
21BQNTG5948B1ZP,Entity_55,Manufacturing,371.09,37109.6,112,1853.93
14GYRTI8723V4Z7,Entity_56,Construction,218.4,6555.03,66,1092.45
14XYRJH1511Z6ZA,Entity_57,Construction,53.04,1587.57,16,267.05
30JPPFS6818N6Z4,Entity_58,Logistics,235.13,7053.16,73,4702.49
29EALDR8741J1ZA,Entity_59,Manufacturing,267.1,26713.06,81,1333.69
34XKMQM4726I8ZW,Entity_60,Logistics,292.89,8785.55,90,5856.77
13BKYMR5931B4Z9,Entity_61,Logistics,50.39,1510.4,17,1009.02
11TEMPC3304A4Z0,Entity_62,Construction,240.57,7214.16,73,1201.85
16JOXKY8458S2ZN,Entity_63,Wholesale,164.17,4922.85,50,820.5
24ZQWGZ9286W8ZH,Entity_64,Logistics,226.35,6790.49,68,4526.31
30MLYNL5359O5ZE,Entity_65,Retail,249.14,7471.48,76,1247.26
26BFCOR5427C9ZB,Entity_66,Construction,388.17,11647.82,119,1939.0
31ZABVL8888N3Z2,Entity_67,Logistics,14.81,444.75,7,294.8
34ZETFD5850S9ZK,Entity_68,Manufacturing,114.3,11427.12,37,572.55
13YGAZI1341G7ZP,Entity_69,Logistics,280.54,8419.74,85,5611.16
26DLNRK7803N6Z7,Entity_70,Wholesale,156.61,4697.18,48,782.47
16JHOJU9602P1ZD,Entity_71,Construction,345.16,10355.47,106,1725.74
19RWYOH9316W2ZK,Entity_72,Manufacturing,284.49,28452.57,87,1421.81
13QZCLP5525X3ZB,Entity_73,Services,209.91,6297.94,168,1050.21
16YSGSU8303G3Z3,Entity_74,Logistics,288.38,8653.73,87,5765.96
33LLZSH2905U9Z2,Entity_75,Wholesale,57.86,1733.67,20,290.34
18GXKKS4981F2ZP,Entity_76,Retail,303.08,9097.01,92,1517.26
33QYIZJ2274D6ZE,Entity_77,Logistics,144.43,4330.55,44,2887.53
16GBBZW7571G4ZY,Entity_78,Manufacturing,355.94,35592.67,108,1780.26
23KIXZT5179B5ZC,Entity_79,Wholesale,322.17,9665.9,98,1609.3
29EEAEP5955J4ZH,Entity_80,Logistics,291.72,8749.1,88,5832.98
32FDEAH2183R7Z7,Entity_81,Logistics,245.49,7362.34,75,4908.64
32EOMCK7353Z4ZL,Entity_82,Logistics,276.41,8292.14,83,5529.26
30AZLDX5222S9ZL,Entity_83,Logistics,357.15,10711.41,108,7142.84
32RRCGT1861F9Z5,Entity_84,Services,238.47,7158.94,191,1190.46
22APSKQ4883M6Z5,Entity_85,Services,277.01,8314.79,224,1384.35
13YFZVR9160S3Z3,Entity_86,Construction,33.29,999.07,11,164.46
21UBJDW5816B9ZV,Entity_87,Construction,44.69,1339.14,14,222.96
11KACDG2512L3Z7,Entity_88,Manufacturing,15.780000000000001,2.0,97,1577.16
31FAGII9851H2ZS,Entity_89,Retail,193.18,5794.85,59,966.54
25POMQG5802C3Z4,Entity_90,Retail,396.97,11908.38,120,1986.0
12BHVBY8949R4Z3,Entity_91,Construction,349.89,10497.27,107,1749.23
16XGWQD9236A5Z8,Entity_92,Wholesale,346.04,10386.06,105,1728.46
24FMCIE8127L7ZG,Entity_93,Services,8.678,2.0,139,869.48
36WBYEW7204Q4Z2,Entity_94,Logistics,79.66,2389.6,26,1594.18
14BWJNJ3033A3ZS,Entity_95,Logistics,326.44,9790.65,98,6526.81
22IBSUG1379S5Z3,Entity_96,Wholesale,352.03,10557.63,106,1761.93
11AWMSO6243B9ZI,Entity_97,Construction,399.59,11988.07,120,1996.37
31XFGBW3049G6Z3,Entity_98,Logistics,115.44,3462.59,36,2307.4
21FESAK8777G1ZI,Entity_99,Retail,373.14,11189.57,112,1865.96
33DLRHF3518W3ZQ,Entity_100,Logistics,368.8,11068.27,111,7376.57
14RYCEZ2818E3ZQ,Entity_101,Wholesale,5.2345,2.0,33,523.2
34OFRJF7655X7ZS,Entity_102,Retail,160.19,4806.56,51,799.6
29JAEOV6449R4Z5,Entity_103,Logistics,75.42,2266.4,24,1509.26
21ZUSCR2171T1ZF,Entity_104,Manufacturing,273.35,27339.86,84,1365.65
18WEIKC0542F8ZJ,Entity_105,Construction,117.92,3541.66,38,590.21
16STLUM3272D8Z2,Entity_106,Wholesale,236.05,7085.35,71,1180.91
20BGKGU6707D7Z3,Entity_107,Manufacturing,169.39,16939.44,52,847.3
19TXOEZ0227M2ZK,Entity_108,Manufacturing,102.98,10293.96,32,516.56
12PCPWY8525T9ZH,Entity_109,Manufacturing,221.51,22147.58,68,1106.38
26XBTPK7403W4ZR,Entity_110,Wholesale,95.18,2856.07,31,475.15
20AFTHF9996B8ZB,Entity_111,Retail,348.97,10471.96,106,1745.26
16RPWYP6122R3ZM,Entity_112,Retail,32.52,976.7,12,163.4
17OQCYD4733K1Z3,Entity_113,Wholesale,12.5,379.25,6,64.38
11LLFRV2502F4Z4,Entity_114,Retail,250.49,7514.55,78,1254.12
34LMACB5908I2Z6,Entity_115,Construction,256.59,7701.42,78,1282.76
23NOWCS0144D5ZV,Entity_116,Manufacturing,67.83,6784.43,21,337.21
19VADPI5321O6ZW,Entity_117,Retail,330.35,9906.77,101,1652.94
13KIQBY3451A8Z1,Entity_118,Retail,155.17,4657.38,48,777.16
11CKKHB3992T8ZG,Entity_119,Retail,155.33,4655.45,49,776.01
20MCQEY8084T4ZL,Entity_120,Construction,365.94,10976.52,112,1830.75
36BNWID0653P2Z9,Entity_121,Wholesale,214.08,6419.29,67,1071.24
32CDGQB9133S1ZV,Entity_122,Manufacturing,344.11,34413.96,106,1720.8
21DXCOR9072P6ZK,Entity_123,Manufacturing,102.56,10255.49,33,511.79
12YFQSX1852W9ZD,Entity_124,Retail,109.08,3269.14,35,547.03
13JRFHO2176L1ZU,Entity_125,Services,335.48,10064.9,271,1677.53
28MVSGR7118I6ZX,Entity_126,Services,196.53,5899.85,158,981.66
23YIDPI5673H5ZG,Entity_127,Retail,63.38,1904.04,20,316.2
28IITMO9326V7ZP,Entity_128,Wholesale,32.99,991.05,12,164.82
26NAWOZ6910G7Z6,Entity_129,Services,225.55,6768.53,182,1127.27
27QEMZZ0537G3ZM,Entity_130,Logistics,122.81,3685.97,38,2455.67
37SYBUO2840N8Z5,Entity_131,Services,231.0,6931.48,185,1154.52
18PXVQX6184B4ZH,Entity_132,Retail,182.1,5466.65,56,909.83
12TDABG2932G5ZZ,Entity_133,Services,238.3,7150.98,191,1190.76
33TVQXY5813N8ZM,Entity_134,Wholesale,14.6815,2.0,90,1466.54
29UYKLO8726T2ZS,Entity_135,Retail,354.76,10647.11,109,1772.05
25RWDVO7338V3ZF,Entity_136,Manufacturing,84.89,8489.59,28,425.74
37KROUR4659D1ZY,Entity_137,Wholesale,226.7,6799.99,70,1132.42
21SYDTC0659D3ZV,Entity_138,Logistics,115.66,3474.1,37,2311.92
18GELPX4797J5ZS,Entity_139,Retail,149.75,4496.05,46,748.99
25EXLHB2606A6ZD,Entity_140,Manufacturing,355.69,35569.53,107,1778.75
29FWBWF6249P3Z7,Entity_141,Logistics,226.24,6790.94,70,4525.86
11YEOED0059B1ZD,Entity_142,Manufacturing,170.55,17051.6,52,854.43
31GIHDJ6504Z4Z0,Entity_143,Retail,14.0815,2.0,86,1408.44
27XOVSX5344W3ZQ,Entity_144,Retail,117.95,3534.14,38,590.77
19ZRBFJ5044L1ZN,Entity_145,Wholesale,264.93,7944.83,81,1323.53
28FHXET9982R9ZT,Entity_146,Manufacturing,109.08,10904.7,34,545.44
29FBKRK7194X2ZY,Entity_147,Logistics,247.84,7437.4,76,4955.42
12TEIDF3628H3ZO,Entity_148,Retail,102.21,3062.21,31,512.07
13RSMYN8950S7ZW,Entity_149,Services,299.54,8988.23,240,1496.56
14XUNOO0319Z2ZU,Entity_150,Services,169.89,5101.04,136,847.75
19TORKZ6508W6ZK,Entity_151,Manufacturing,308.12,30812.2,94,1538.8
16RHUUO2264J4ZH,Entity_152,Retail,244.61,7338.56,76,1224.89
14URZNK9230B4ZG,Entity_153,Manufacturing,20.48,2043.82,9,104.06
11SDJCC2632K9ZH,Entity_154,Manufacturing,201.99,20199.84,63,1010.02
34YYPGX0920L5ZX,Entity_155,Wholesale,175.72,5270.23,54,879.42
25TLBVK6263S8Z0,Entity_156,Construction,212.97,6388.46,64,1064.81
33XATPH3294W9ZD,Entity_157,Manufacturing,361.14,36117.93,109,1806.96
32CYQIV2335V1Z7,Entity_158,Services,287.53,8625.8,233,1437.75
37MVVYB1121H2ZR,Entity_159,Services,320.8,9626.06,258,1603.29
35URQIJ9877X3ZN,Entity_160,Manufacturing,72.19,7217.11,23,361.57
25RGIJF9894M1Z0,Entity_161,Services,283.21,8500.17,229,1417.09
31YDVKC6071E7Z5,Entity_162,Construction,19.783,2.0,119,1977.6
37XPVTH2740E4ZO,Entity_163,Construction,12.383,2.0,77,1238.86
14UACJF6752F2ZJ,Entity_164,Logistics,33.85,1018.14,13,678.96
37EWGCC3854R8Z8,Entity_165,Manufacturing,29.6,2960.32,9,147.97
10QAEIY6623S8Z2,Entity_166,Manufacturing,360.21,36019.55,109,1800.37
36QUHPT4055D5ZO,Entity_167,Retail,150.21,4502.82,47,750.91
29WLXEJ4919E2ZY,Entity_168,Retail,12.6535,2.0,76,1264.36
28ANVEK4760E8Z9,Entity_169,Logistics,160.5,4810.91,49,3210.43
21OZGTX0211K6ZS,Entity_170,Wholesale,379.26,11378.53,116,1895.51
18AAUCB4509I9ZH,Entity_171,Logistics,30.06,902.69,12,602.89
18DVEET4893B5Z0,Entity_172,Manufacturing,46.98,4694.1,15,235.59
37QNUZW4017I8Z8,Entity_173,Logistics,221.22,6636.62,68,4426.34
22HOWQF9821O8ZD,Entity_174,Services,229.09,6874.22,185,1146.98
32TLIMF0664J7ZR,Entity_175,Services,40.97,1228.21,33,203.17
32XGMQI4188H8ZL,Entity_176,Logistics,70.89,2123.46,23,1417.09
30ETLSX8542E9ZP,Entity_177,Logistics,182.01,5458.72,55,3640.08
28WPAKU4741T3ZZ,Entity_178,Construction,369.46,11082.76,111,1846.37
16HWMKV6886M7Z4,Entity_179,Construction,5.249499999999999,2.0,32,523.69
12ZHZGG5985S8ZY,Entity_180,Logistics,355.31,10662.62,107,7107.72
26QAIOR8846V3ZR,Entity_181,Manufacturing,98.03,9806.95,31,491.94
32WJZNC8263N7ZI,Entity_182,Construction,4.4905,2.0,29,450.91
29VXQLV3851O3Z3,Entity_183,Logistics,43.84,1310.51,14,877.98
29ENXBH4289N6ZH,Entity_184,Services,169.75,5089.54,137,850.17
19BCKMI4147J5Z3,Entity_185,Retail,360.45,10817.49,111,1800.34
24YPIDW1482R9ZD,Entity_186,Retail,143.03,4289.89,44,713.23
24DTXBQ1040N9Z0,Entity_187,Services,53.55,1602.16,45,268.03
15VIHYP4504L9ZD,Entity_188,Construction,121.9,3655.82,37,608.34
34OIZSV2971U2Z9,Entity_189,Construction,143.47,4304.77,44,717.3
10LPQDE0323B9ZX,Entity_190,Manufacturing,325.68,32566.45,100,1630.12
33QQQKX7946X2ZC,Entity_191,Retail,336.1,10083.26,102,1682.14
12FPYRI6382H1Z9,Entity_192,Manufacturing,228.04,22802.17,70,1140.91
10WYHED0609D1Z8,Entity_193,Manufacturing,98.34,9834.78,32,490.66
20DAZQI7198C3ZN,Entity_194,Retail,21.96,659.25,8,108.15
30HOTFC3557P4ZY,Entity_195,Manufacturing,342.37,34239.65,104,1711.31
22YAZOE1780E2ZO,Entity_196,Wholesale,5.4515,2.0,33,544.23
35VYNIH6610M8Z9,Entity_197,Manufacturing,118.29,11827.29,38,591.5
33PMELU1906D1ZP,Entity_198,Retail,14.44,435.44,6,72.5
11CBBEF8234T9Z7,Entity_199,Retail,349.39,10477.16,105,1747.0
11ARAKB4210Y7Z1,Entity_200,Retail,382.0,11458.41,117,1908.78
22BMUUH8896X1Z8,Entity_201,Retail,7.053,2.0,44,705.97
24UELXR5394S5ZN,Entity_202,Logistics,16.0915,2.0,97,6438.41
19LRMHJ3751S7ZA,Entity_203,Services,75.24,2257.7,62,377.14
11RLWBM4440U8ZT,Entity_204,Logistics,78.16,2348.67,26,1563.64
35PMWFR1116I9Z6,Entity_205,Services,203.26,6101.54,164,1014.61
14RDZSO1010L2ZX,Entity_206,Wholesale,18.3905,2.0,113,1838.05
25LZHLS6515W4ZH,Entity_207,Retail,296.13,8887.0,90,1478.8
28FGHYG2734V4ZZ,Entity_208,Manufacturing,318.28,31832.04,98,1589.55
13OPKOR9462L9ZP,Entity_209,Logistics,48.79,1465.82,17,974.38
29BNXKW3790C7ZB,Entity_210,Retail,150.24,4508.98,47,750.41
19VOLVO6576Y3Z0,Entity_211,Services,234.97,7053.71,188,1174.29
33SUVBF5757Q9Z0,Entity_212,Logistics,89.81,2699.28,28,1794.9
29BYXVT6867X6ZN,Entity_213,Construction,257.66,7729.82,79,1287.0
37YIMRV1503A4ZK,Entity_214,Retail,12.371500000000001,2.0,77,1238.57
28TICPE5683Z5ZJ,Entity_215,Construction,117.72,3529.51,37,590.46
33ZMBEO3091H1ZF,Entity_216,Logistics,335.72,10067.28,103,6713.03
14QZSZO6852E6Z2,Entity_217,Wholesale,12.23,364.69,5,59.98
19KYIYD9052L5ZN,Entity_218,Services,188.79,5659.64,153,945.2
37JOHBF0287H2Z5,Entity_219,Manufacturing,348.15,34813.91,105,1742.68
29BUMNT1992I6ZA,Entity_220,Retail,367.32,11023.55,113,1838.59
23KNDPC0692O3Z4,Entity_221,Construction,13.05,393.82,5,65.24
27SYDCP9531S7ZO,Entity_222,Construction,1.7715,2.0,12,178.86
11BDURD7847M2ZQ,Entity_223,Construction,12.02,360.04,5,58.66
10DUWUH0204U6ZZ,Entity_224,Wholesale,1.143,2.0,9,112.32
32PYPFY4386Z8Z9,Entity_225,Construction,133.46,3999.52,42,666.39
15NMZJB9673N6ZM,Entity_226,Construction,249.12,7476.49,75,1245.95
14ZQDGB1120V3Z6,Entity_227,Retail,181.93,5460.62,57,911.27
22WMAMB8101J5ZR,Entity_228,Wholesale,297.9,8934.3,90,1489.24
10YNUGW7406H8Z5,Entity_229,Retail,261.59,7845.08,79,1308.62
16CWKMM7572T8ZS,Entity_230,Manufacturing,13.82,1381.48,5,70.92
17WFIVY4191L6Z9,Entity_231,Retail,75.46,2266.61,23,375.62
22ECPDS4215M4ZY,Entity_232,Wholesale,87.3,2618.52,28,435.47
32LSCHA0456G8ZL,Entity_233,Construction,249.67,7493.65,77,1248.98
33JLAET6505R8ZR,Entity_234,Construction,262.9,7889.45,80,1316.0
17LIYGL5166O2Z3,Entity_235,Wholesale,360.37,10810.59,110,1801.19
10LTYIF0415Z1Z6,Entity_236,Manufacturing,64.85,6488.05,20,326.01
35YSLMM6335H9ZO,Entity_237,Wholesale,4.0715,2.0,25,406.88
33BFFFE0124D7Z3,Entity_238,Logistics,4.3585,2.0,29,1745.08
19JWMEP4966B7ZD,Entity_239,Retail,192.81,5779.43,59,963.19
17CKWUD5201O8Z9,Entity_240,Manufacturing,43.38,4339.81,16,217.55
33BMXCT8543R5Z6,Entity_241,Retail,10.9485,2.0,66,1093.22
37CNDFE7347D8Z0,Entity_242,Wholesale,277.51,8326.76,85,1386.78
20MCVLX5113R6ZM,Entity_243,Logistics,325.11,9748.4,98,6501.16
27PHZYA9109B2ZH,Entity_244,Manufacturing,58.97,5897.03,18,295.02
14EYNAC5698O4ZF,Entity_245,Wholesale,4.076,2.0,27,409.01
17BTZBH7362V7ZE,Entity_246,Services,246.71,7402.41,199,1233.12
28DELRR8302A9ZO,Entity_247,Manufacturing,146.41,14636.88,44,731.34
15TGFED2674E4ZO,Entity_248,Retail,14.28,430.99,6,69.4
35IYQTM6634W2Z4,Entity_249,Services,323.36,9705.08,260,1616.67
22UTMUA3149S1ZI,Entity_250,Retail,14.151,2.0,86,1414.96
21VWIHS5976U2ZV,Entity_251,Services,88.18,2650.32,71,439.19
33ITFZW7198R1ZR,Entity_252,Logistics,122.89,3688.64,38,2456.29
15VWWMN9487A3Z7,Entity_253,Wholesale,60.71,1817.39,20,302.41
14PQUMN7369H4Z6,Entity_254,Construction,58.71,1765.75,20,291.74
28ZXUUM2167A4ZQ,Entity_255,Construction,161.3,4836.54,49,808.03
33JBYWE3860I5ZP,Entity_256,Wholesale,338.16,10148.05,103,1690.52
17VOXIN6267M6ZS,Entity_257,Construction,67.13,2015.25,22,335.22
36KJEUR7406W6ZP,Entity_258,Wholesale,244.71,7336.88,74,1222.15
32QSXXP1073U7ZU,Entity_259,Manufacturing,324.73,32472.66,99,1623.82
18LFGXW4928X5Z9,Entity_260,Construction,220.59,6619.91,68,1101.91
13MIJMA7961P6ZM,Entity_261,Logistics,199.63,5992.33,60,3993.34
26IIBPW3501R8ZI,Entity_262,Manufacturing,197.11,19706.33,61,987.45
20YNBUG9965J7ZK,Entity_263,Logistics,110.34,3312.27,36,2208.51
16QYMKW3482C7Z4,Entity_264,Services,4.554,2.0,74,457.35
23JWOVG1740E9ZG,Entity_265,Manufacturing,84.93,8488.13,26,423.97
11HTGYO4445H8ZY,Entity_266,Logistics,9.495000000000001,2.0,58,3798.88
15DJBIQ9071T3Z1,Entity_267,Wholesale,352.11,10560.58,108,1760.59
33QGIEL8035F2ZY,Entity_268,Construction,330.53,9917.48,100,1652.71
23RYLTF1152B4Z3,Entity_269,Construction,364.69,10942.12,112,1822.82
32UGFRV7438H9ZJ,Entity_270,Logistics,360.53,10814.34,111,7210.74
12XUGIL9357S4Z1,Entity_271,Retail,205.05,6154.51,63,1025.3
14PQZTG1317T2Z5,Entity_272,Services,101.6,3045.51,83,508.42
23KPYHB9218O8Z8,Entity_273,Retail,269.35,8075.73,81,1347.67
32WRPTQ0079K8ZV,Entity_274,Services,250.78,7522.48,203,1253.48
31NODLX4498Z9ZM,Entity_275,Retail,227.5,6820.54,69,1137.22
31ELDJA8983X6ZC,Entity_276,Manufacturing,187.25,18727.36,57,938.16
19AAHMD8867Y9ZE,Entity_277,Wholesale,234.38,7028.83,72,1172.23
29IIVXW8559V4ZR,Entity_278,Services,157.84,4730.73,129,789.16
36YDZGS0561H1Z9,Entity_279,Construction,325.27,9758.17,99,1626.01
18JNQLU7275A2ZN,Entity_280,Construction,139.01,4165.69,43,696.76
26NZMDE0183R3ZV,Entity_281,Manufacturing,94.44,9446.75,29,471.08
13YPAUO4521Y5ZW,Entity_282,Services,398.59,11961.16,319,1992.96
20ESYIA9344X6ZI,Entity_283,Construction,292.19,8767.65,90,1462.48
18CJDFD8613E6ZY,Entity_284,Logistics,242.4,7267.22,75,4847.09
28LOJZZ1746V4ZV,Entity_285,Manufacturing,284.97,28501.6,88,1424.62
33SIAJF4985M3ZO,Entity_286,Services,16.53,494.5,15,84.63
19RNLNU9868B2Z1,Entity_287,Retail,32.6,982.78,11,162.0
21DCDQC0757W4ZN,Entity_288,Construction,124.92,3752.19,38,623.56
33UHIDH6092D2ZR,Entity_289,Wholesale,99.47,2987.43,31,498.47
36AQDZM0312F7Z6,Entity_290,Manufacturing,21.31,2128.32,7,104.66
30OZEFQ6508J1ZE,Entity_291,Retail,124.51,3734.31,40,624.01
21WAXZZ4587K2ZK,Entity_292,Services,377.56,11327.66,305,1887.11
25GJYVQ3258S6ZX,Entity_293,Manufacturing,105.64,10565.93,33,526.29
10UUNUT9663H3ZV,Entity_294,Services,12.466,2.0,201,1248.35
37BSWXH1238C1Z9,Entity_295,Wholesale,99.59,2983.49,32,499.19
34EQMMD6321I6ZZ,Entity_296,Construction,272.35,8167.5,84,1360.24
16HGTFG6101B1ZY,Entity_297,Wholesale,145.15,4356.63,46,727.66
18OCMXU3046H1Z5,Entity_298,Construction,156.48,4693.44,47,780.74
14VBGBY8033A2ZS,Entity_299,Construction,266.9,8008.83,83,1333.69
17UBVVR9850F4ZL,Entity_300,Wholesale,315.27,9454.0,95,1575.02
15UDBBT1773O5ZD,Entity_301,Retail,4.161,2.0,26,417.18
28JAQGP1813V2ZL,Entity_302,Services,13.37,397.41,12,64.92
17RXPWU4637S5ZB,Entity_303,Construction,299.26,8981.87,92,1496.57
37DGTYW0889F8Z3,Entity_304,Manufacturing,317.56,31757.49,98,1587.93
37AJUXD1011A5ZE,Entity_305,Manufacturing,41.73,4169.32,15,209.09
17COYRQ3583W6ZY,Entity_306,Construction,339.9,10192.05,103,1701.04
32MYEVX0342R1Z7,Entity_307,Services,8.5135,2.0,138,852.33
27YDZJH7627Y4ZZ,Entity_308,Services,62.26,1869.11,52,312.24
23LZQQU9501S8ZI,Entity_309,Manufacturing,303.0,30304.39,91,1514.68
25UASHR3248O1ZF,Entity_310,Wholesale,32.22,967.55,12,160.5
34GEYAE6763E3ZB,Entity_311,Manufacturing,283.8,28382.13,86,1420.09
37EZNAD8554J3Z7,Entity_312,Construction,219.5,6589.39,66,1098.47
22KSOBG3188R1ZA,Entity_313,Manufacturing,272.69,27269.1,84,1364.61
32LRSCZ0809Q2ZG,Entity_314,Manufacturing,377.7,37771.4,114,1887.77
29WMKCP9156J9ZB,Entity_315,Services,106.42,3196.14,88,530.62
20FMJSA9426C5ZO,Entity_316,Manufacturing,199.3,19925.61,62,996.65
31QOWLV1058L2ZP,Entity_317,Logistics,302.1,9062.15,93,6042.49
28TZKQT0751M6Z1,Entity_318,Logistics,276.01,8281.89,84,5519.75
18LAUUI6610G1ZF,Entity_319,Retail,7.1819999999999995,2.0,46,717.49
33FXRTB5539I8ZE,Entity_320,Manufacturing,264.27,26426.15,82,1321.37
35JLMXQ2710E5ZX,Entity_321,Logistics,369.54,11083.84,113,7391.82
19VZAKY0335T1ZE,Entity_322,Manufacturing,13.88,1388.75,7,69.4
15IETLR2191W4ZO,Entity_323,Services,108.91,3268.41,90,542.84
22BSSZU0144F5Z0,Entity_324,Services,351.53,10542.64,282,1758.39
12UMVCH2093L5ZB,Entity_325,Logistics,21.34,640.44,8,426.15
27ISIFB3990M4ZL,Entity_326,Retail,230.27,6903.6,72,1152.28
29KZJRC0518E1Z4,Entity_327,Construction,259.23,7777.93,79,1294.67
20YOPVW3935I2Z7,Entity_328,Construction,20.75,625.17,9,104.32
25CAFTP1664G8ZU,Entity_329,Logistics,188.2,5645.4,58,3764.95
36QANMV4569U7ZW,Entity_330,Retail,16.446,2.0,99,1645.82
16IBTYT7325L2ZE,Entity_331,Construction,254.71,7636.75,78,1275.36
25PTNJA3599W5ZU,Entity_332,Construction,394.12,11823.12,120,1969.88
24PPFSR4700H3ZO,Entity_333,Logistics,47.98,1441.33,16,958.98
22FXTDM8970P8Z6,Entity_334,Construction,329.77,9889.37,101,1648.01
20HQPAG7589J4Z5,Entity_335,Services,32.92,990.23,29,166.33
27DVYDY0851B7Z3,Entity_336,Services,102.6,3080.42,84,511.29
13CIGWV2775L9ZJ,Entity_337,Retail,114.06,3422.72,37,571.56
15RMWKC8144T6ZC,Entity_338,Retail,244.08,7325.08,75,1221.58
28GTCRH4351R1ZF,Entity_339,Logistics,96.47,2890.07,29,1929.47
17IRCAE6366Q7Z9,Entity_340,Manufacturing,195.17,19514.62,61,977.37
32OKISJ2477G6ZS,Entity_341,Retail,210.7,6318.0,64,1051.8
10UECGO9238J7ZC,Entity_342,Wholesale,303.86,9120.43,94,1518.95
20BOOHP8107Q9ZF,Entity_343,Logistics,365.27,10963.04,112,7306.69
26CHSMB8985W5ZS,Entity_344,Services,289.97,8703.81,234,1448.79
23YSNNW0985R8Z3,Entity_345,Services,251.78,7549.7,204,1259.18
29BZAAC4165E3ZR,Entity_346,Construction,129.9,3900.43,40,650.11
13AQJFJ5199R7Z2,Entity_347,Wholesale,10.22,305.47,6,49.92
15XYDTG3643Q6ZF,Entity_348,Manufacturing,325.53,32554.15,100,1627.47
20IIRVQ6714G1ZU,Entity_349,Retail,90.93,2725.46,28,453.39
23ZUUAQ3912I3ZN,Entity_350,Logistics,79.64,2387.14,25,1593.47
18HDJPY4057Y7ZA,Entity_351,Wholesale,15.285499999999999,2.0,92,1529.15
33GBDYA8095Y6ZY,Entity_352,Logistics,352.95,10589.63,108,7060.31
21QYLEA4467K8ZB,Entity_353,Construction,347.95,10441.53,106,1739.51
16DBWXL0956P5Z7,Entity_354,Manufacturing,40.23,4025.76,13,199.49
21SZMYJ3544M1ZO,Entity_355,Retail,48.67,1461.97,17,242.4
36LBHLF1317S6ZP,Entity_356,Retail,336.25,10085.85,101,1682.5
10DEOUF3334Q7ZB,Entity_357,Construction,90.69,2721.71,29,451.49
22YTUHB6572J5ZE,Entity_358,Manufacturing,209.63,20960.12,63,1048.87
35QOJVW1819F7ZG,Entity_359,Services,307.11,9211.05,246,1536.58
12JDBCI5579N9Z3,Entity_360,Construction,246.1,7383.3,76,1231.55
28SHZOD3777A7ZJ,Entity_361,Construction,384.91,11544.31,118,1926.53
28XXEHC5775G4ZB,Entity_362,Construction,393.55,11803.62,121,1967.36
33ZPGBU3439V4ZZ,Entity_363,Manufacturing,156.48,15644.45,49,783.22
34YPWCU9909O4Z5,Entity_364,Services,234.61,7040.85,188,1174.01
24TUFCF0928J1ZS,Entity_365,Construction,310.74,9325.4,94,1552.23
18RIDLY1623E3ZR,Entity_366,Logistics,51.74,1551.37,18,1035.24
27WJVNR0961Q8ZS,Entity_367,Logistics,326.43,9791.28,98,6528.63
29ROESX3699M5ZC,Entity_368,Manufacturing,327.47,32745.51,100,1636.14
21UVRJW8230T6Z2,Entity_369,Logistics,268.74,8064.9,81,5374.9
27ATTEE8997Y9ZM,Entity_370,Logistics,189.8,5696.11,57,3795.43
15UVJKT0230T6ZV,Entity_371,Wholesale,22.98,684.65,8,113.81
29LNUQU6186K5ZH,Entity_372,Wholesale,91.42,2745.8,28,457.35
13PIXAO3298D3Z7,Entity_373,Construction,162.04,4858.44,49,811.78
10OWDYX3868U4ZD,Entity_374,Services,183.6,5512.28,149,916.44
12HYWNK8700B8ZC,Entity_375,Wholesale,91.84,2752.1,29,458.34
36QWURR9596L8ZO,Entity_376,Construction,255.14,7652.94,78,1273.83
21ETDBC0878K3ZK,Entity_377,Logistics,30.35,909.72,11,606.53
22SZJMF4232I3ZU,Entity_378,Logistics,2.342,2.0,16,937.38
24WUXTZ5245S2Z4,Entity_379,Wholesale,102.87,3084.52,32,515.21
17ALUHV9638N8ZM,Entity_380,Manufacturing,205.66,20564.97,63,1028.64
15NSGES2615Z1ZR,Entity_381,Wholesale,225.88,6774.31,70,1129.03
17ZKPIS8646O5ZG,Entity_382,Services,332.02,9956.27,267,1661.91
20VREEK3611W5ZV,Entity_383,Construction,52.92,1592.51,16,265.58
15DLQVH6733I7Z8,Entity_384,Wholesale,33.81,1013.67,11,170.39
25HHRVC2961A9Z4,Entity_385,Logistics,10.814499999999999,2.0,66,4325.16
29JMKDL6781P8ZG,Entity_386,Logistics,70.55,2113.14,24,1412.06
20YQGZA1434I9ZM,Entity_387,Construction,279.21,8374.28,84,1397.48
29CZASX6740Z9Z3,Entity_388,Retail,33.14,991.65,11,165.39
29LMCCG2183H3ZD,Entity_389,Logistics,236.19,7083.37,73,4723.1
24ULKEQ9550Q5Z3,Entity_390,Construction,333.49,10008.44,102,1669.44
14DQWOQ4534Z6Z9,Entity_391,Wholesale,328.67,9858.87,99,1643.48
14HHMCF1842A2Z5,Entity_392,Logistics,67.25,2015.87,21,1343.46
32AVQEX7654H5ZT,Entity_393,Construction,94.33,2826.43,29,471.08
12JWGFI3940I9ZX,Entity_394,Wholesale,125.53,3767.55,38,625.78
29AQRUE3922L2Z2,Entity_395,Retail,316.45,9497.28,97,1581.63
28JNFBL7422S4ZX,Entity_396,Manufacturing,50.83,5082.5,17,256.08
36KODJU8866G8ZV,Entity_397,Services,17.933500000000002,2.0,288,1791.73
19JEAXV1368S7ZZ,Entity_398,Services,17.3475,2.0,280,1733.86
14AWUGF4801S7Z2,Entity_399,Logistics,17.166,2.0,104,6865.58
32FATVY9858N9Z2,Entity_400,Construction,89.29,2680.41,27,444.62
24CQILF4214F7ZE,Entity_401,Wholesale,142.49,4274.6,44,713.22
30TWSUI0587B9ZY,Entity_402,Services,159.27,4777.62,128,795.2
24UFJJL4151Z9ZY,Entity_403,Services,346.3,10392.59,278,1733.29
12VPNMC9986E7ZO,Entity_404,Manufacturing,339.58,33953.14,103,1698.66
36NCZLQ6227B7ZP,Entity_405,Logistics,177.54,5327.67,56,3550.58
22RCZJP0781E2Z9,Entity_406,Retail,211.05,6333.0,64,1054.97
26NYTJO9310U7ZJ,Entity_407,Services,64.03,1919.1,54,320.35
10XQIEP0127C2ZO,Entity_408,Wholesale,299.28,8976.85,90,1495.22
16QYRXH0347G4ZR,Entity_409,Logistics,140.97,4227.82,45,2817.96
19IHLJC6969X9ZM,Entity_410,Retail,295.86,8876.76,90,1478.33
20CUTHQ2432F7Z9,Entity_411,Manufacturing,343.06,34304.39,103,1717.07
27RJHSY7152G8ZI,Entity_412,Services,10.714,2.0,173,1069.59
30NRGEF0252R6ZA,Entity_413,Construction,114.08,3420.16,36,571.72
35OINGI2031N5Z9,Entity_414,Construction,263.09,7891.63,79,1314.16
15DILCG2370S3Z3,Entity_415,Manufacturing,292.18,29214.6,88,1462.86
12XLJLL7915J7ZI,Entity_416,Retail,28.1,845.13,11,141.91
23SJXAW5961I9ZW,Entity_417,Manufacturing,88.75,8875.19,29,441.89
11REIVX1176T7ZN,Entity_418,Services,278.48,8349.67,224,1391.32
37BSCBE8282G8ZD,Entity_419,Retail,126.32,3788.53,39,629.68
25SCPYY6766Y3ZQ,Entity_420,Retail,126.72,3800.17,39,633.67
37LNWZN6434O1ZA,Entity_421,Construction,282.05,8464.8,85,1408.57
22YPJIF4862N6ZF,Entity_422,Logistics,154.77,4646.13,49,3094.04
30JAJCG6902W9Z7,Entity_423,Wholesale,362.96,10891.21,109,1816.34
36NMSRA9930R5Z4,Entity_424,Construction,310.02,9299.23,95,1551.12
23RWSAX4478P2Z3,Entity_425,Manufacturing,190.0,18995.72,59,951.44
31BSXFL5606O2ZY,Entity_426,Logistics,169.66,5087.64,53,3394.75
23EGAQL5714M8ZX,Entity_427,Wholesale,23.59,710.35,9,119.41
25APWDA3790A9ZK,Entity_428,Manufacturing,63.18,6314.52,20,316.63
23LMEPO1093F9ZS,Entity_429,Construction,329.89,9896.24,99,1650.53
10SHCWW6348D7ZU,Entity_430,Services,22.37,675.55,18,110.8
14TCYUV5081Z5ZM,Entity_431,Services,42.97,1292.93,37,216.43
10OHYRM5203R1ZU,Entity_432,Logistics,42.43,1275.2,13,847.44
37MIGAS3239A1ZJ,Entity_433,Manufacturing,356.9,35690.48,108,1784.75
18WJNLN9842F9ZR,Entity_434,Retail,148.87,4461.71,46,745.34
26WYBYR7305X3ZO,Entity_435,Construction,203.47,6104.45,64,1017.27
34KXBSR0671Q2ZP,Entity_436,Manufacturing,339.78,33977.02,104,1697.31
27VANOT3996Z2Z2,Entity_437,Services,166.51,4998.93,135,831.26
32KABDF3557L2ZO,Entity_438,Wholesale,342.52,10271.36,105,1713.32
16NHSPG0535P2ZA,Entity_439,Services,332.29,9964.59,267,1660.77
37OOYYK7288H5Z2,Entity_440,Retail,106.55,3199.68,32,530.92
29SSIGN7513A1ZX,Entity_441,Manufacturing,310.7,31068.01,96,1553.97
25NNJKX7530D1ZE,Entity_442,Manufacturing,187.36,18738.01,58,936.76
12NCGTU2395M3ZZ,Entity_443,Retail,300.97,9029.61,92,1504.77
27FNLGU7227Q5Z7,Entity_444,Logistics,238.41,7156.91,72,4767.38
37TJNOA1702N9ZH,Entity_445,Services,348.5,10451.85,279,1742.17
25IJPJK4605D1Z7,Entity_446,Logistics,55.55,1665.93,17,1110.52
10KEEKD3259S9Z9,Entity_447,Services,59.52,1787.87,49,297.63
14AWXVE6854F6ZG,Entity_448,Services,95.3,2859.21,79,474.79
36TEZZB4423X1Z0,Entity_449,Services,162.03,4857.98,130,811.59
32GCUVC8847E7Z4,Entity_450,Logistics,227.16,6811.1,71,4542.13
20FOCEE0118C5ZB,Entity_451,Services,254.5,7639.31,205,1272.38
29BRPDI9079U9ZY,Entity_452,Wholesale,247.54,7426.84,75,1235.82
15KENVM1282U7Z7,Entity_453,Retail,132.5,3973.0,41,662.03
26OEYZE1176R1Z3,Entity_454,Construction,97.87,2931.95,32,487.55
27EAESL5340A1ZV,Entity_455,Wholesale,47.24,1416.78,15,235.96
28OAHCC0805I7ZN,Entity_456,Logistics,360.83,10824.86,109,7215.44
35CYLYV8124N3Z4,Entity_457,Manufacturing,118.05,11804.31,36,590.09
23HPYJA0704Z3Z4,Entity_458,Logistics,9.1965,2.0,58,3679.22
29VVDDS4381U3ZP,Entity_459,Services,327.8,9829.61,265,1638.1
14OCXFF8926C1ZG,Entity_460,Wholesale,186.17,5580.37,56,932.52
12ITCTS8695K1ZN,Entity_461,Wholesale,134.12,4021.46,43,670.45
21AAVVC5925I1ZW,Entity_462,Retail,101.18,3039.83,33,505.02
21XYPOV2559V3ZY,Entity_463,Retail,356.97,10713.07,108,1784.1
22UEFRW8786A8Z9,Entity_464,Manufacturing,98.39,9840.72,32,491.53
29PJOVC4622X7ZM,Entity_465,Logistics,295.05,8848.78,90,5902.74
14ZQRDN1647R5ZG,Entity_466,Construction,383.9,11514.6,118,1920.61
16KFCQK0241J7ZV,Entity_467,Logistics,7.769,2.0,49,3106.85
16SBWRA0479D7ZR,Entity_468,Wholesale,366.54,10999.67,110,1833.57
15WNOYN5387V5ZX,Entity_469,Logistics,44.2,1322.06,16,884.4
12DKKJC9394X9Z0,Entity_470,Logistics,38.85,1167.85,14,776.2
24OTGBD6250Y6ZN,Entity_471,Retail,12.87,384.77,4,65.72
21VJGTS6269J3ZH,Entity_472,Services,207.73,6236.4,169,1039.55
18SBZYS4346W2ZO,Entity_473,Construction,381.63,11449.58,116,1908.88
28CBGAS5038A8ZB,Entity_474,Wholesale,147.15,4411.33,46,734.4
20LOAWR0131Z8ZY,Entity_475,Construction,393.44,11800.58,120,1966.81
36OQFEL1963F4Z0,Entity_476,Manufacturing,281.89,28191.77,86,1409.42
18XWXWV5024L1Z1,Entity_477,Retail,106.9,3205.72,35,533.3
13HBDKY3578P4ZI,Entity_478,Logistics,250.78,7522.66,77,5014.53
18PDANN0465L8ZN,Entity_479,Wholesale,128.41,3852.33,39,640.88
32XEVWL5606I7ZA,Entity_480,Construction,54.24,1626.03,18,271.48
24GNRDC4324S4Z2,Entity_481,Manufacturing,169.76,16978.13,52,847.36
34BNLFC7638D2ZP,Entity_482,Construction,380.19,11407.8,117,1899.52
35PDGFT2935O7ZP,Entity_483,Wholesale,26.32,794.2,8,132.14
26KUBSW2012T2Z6,Entity_484,Retail,214.86,6445.29,66,1075.32
13IOCOK4823O2ZC,Entity_485,Construction,335.36,10060.42,101,1676.98
16AIMIY6120Q9ZF,Entity_486,Logistics,391.9,11754.04,119,7837.27
19IMHHU5340B7ZI,Entity_487,Retail,198.78,5959.67,62,994.09
17OMCZP2264B4ZN,Entity_488,Retail,380.46,11416.43,117,1901.87
13JELCW0157Y5Z7,Entity_489,Manufacturing,73.33,7334.48,24,365.16
21SKGAH6186P9ZR,Entity_490,Services,17.67,530.25,17,86.85
19WMLCQ5942B1ZX,Entity_491,Construction,14.25,422.78,7,71.81
33WTWKC3268I8Z4,Entity_492,Manufacturing,270.42,27042.79,83,1352.83
20YWGJE9707I6ZW,Entity_493,Construction,104.21,3126.66,33,520.84
21DTCKB4711T9Z6,Entity_494,Retail,132.81,3982.79,42,662.08
15UMYHZ2194M3ZI,Entity_495,Construction,65.05,1946.96,22,327.15
29NUJSO8314S9ZE,Entity_496,Construction,158.19,4745.84,49,789.49
21BEXIS2279U9ZG,Entity_497,Services,27.75,836.89,25,139.9
14UACXS7407O9Z9,Entity_498,Services,138.97,4171.4,112,694.43
28ZEUKU2005J6ZI,Entity_499,Retail,321.36,9643.33,98,1606.47
20CEAJN0444W1Z4,Entity_500,Retail,356.36,10685.88,108,1781.66
